full_name,age
Judi Marion,84
Donielle Worsell,43
Heriberto Gallacher,93
Maureene Bogey,80
Klarika Le Breton,20
Juline Filkov,17
Celestia Manus,24
Quillan Biddiss,20
Maude Rawes,07
Carie O'Feeney,16
Aylmar Fritschel,04
Cecelia Dibbe,71
Else Brabben,99
York Goard,32
Holmes Huckstepp,32
Waylon Bourgaize,56
Dianne Halm,12
Minnaminnie Knill,88
Corabel Bouch,22
Arney Splain,67
Nataniel Chalke,11
Carmelita Abell,57
Oona Cowdery,49
Bondy Naptin,10
Darb Brundle,24
Karena Codman,00
Drusie Whitmore,68
Jeromy Wilcocks,55
Marion Ganiclef,92
Max Whissell,93
Hymie Joysey,65
Olwen Oehme,58
Bobinette Fitzroy,88
Bertie Fust,01
Allene Foard,90
Trixi Ivery,53
Zabrina Hollyland,76
Hanny Meale,81
Phyllis Farrans,32
Alie Crayke,79
Hastings Sturdgess,31
Don Landman,53
Keenan Crosskell,53
Phyllida Cacacie,32
Tory Rice,06
Van Sparkes,04
Kelsey Brister,88
Marianne Fairley,18
Petey Biscomb,88
Nessa McCaughan,81
Rochelle Gantzer,80
Tom Robroe,40
Nikki Vollam,12
Jaclin Theze,80
Riley Houndesome,31
Grange Moroney,50
Lisha Sercombe,32
Blaine De Ortega,05
Ashlan Poley,76
Shalna Garbert,63
Valida Cheves,89
Antonina Capstaff,26
Cindi Warry,33
Wandis Gallaher,73
Annelise Lansberry,06
Nicholle Rosenkrantz,76
Von Ault,76
Birgitta Goodwyn,42
Licha Veness,60
Renate Guerry,80
Sarah Hurleston,00
Ginelle Leghorn,71
Prent Barlthrop,09
Quintilla Ebenezer,00
Gustaf Abbie,23
Concettina Dowdney,50
Rana Derisly,05
Ignace Pepis,64
Yardley Tuxsell,45
Paulo Sodeau,84
Ban Stearne,42
Lola Moralee,83
Madlin Liebrecht,65
Yoko Crippen,44
Patience Neggrini,80
Debra Torfin,25
Huntley Guage,05
Karney Izhakov,19
Clementina McChesney,56
Kathleen O'Dunniom,04
Gracie Ciepluch,31
Missy Doyle,11
Luise Yourell,13
Retha Hollyard,11
Lari Nicholas,84
Dur Kingcott,86
Dare Coates,48
Fenelia Comar,64
Westbrook Hamlet,85
Thom Coneron,87
Heddi Korbmaker,19
Celine Watkiss,87
Dorine Stringfellow,63
Amie Biernacki,53
Martin Mandres,92
Ronna Skelhorn,83
Tobiah Burnham,74
Prescott Abbots,36
Urson Cullin,96
Maisey Tatteshall,36
Barri Storie,42
Berte Norrington,42
Elizabeth Creane,25
Cecil Becke,95
Amii Caveill,61
Garnette Linnell,17
Mada Blondelle,89
Malory Agget,07
Creigh Scedall,21
Lewes Strangman,05
Jemimah Thurnham,19
Hagan Marcussen,04
Archaimbaud De Normanville,39
Arnie Winchcombe,57
Jefferey Telega,74
Foster Cunradi,13
Bert Hartford,37
Markus Urion,30
Hercules Dalyiel,70
Mitchell Ruselin,93
Dorothee Scoterbosh,85
Maxi Abrahamson,44
Marybeth Pinckard,82
Neel Smeed,10
Baxy Leadbeatter,17
Brennan Batting,30
Patrice Rous,77
Fonsie Goslin,22
Thea Oxbie,86
Harlan Saunderson,52
Edmon Semerad,98
Aron Bushe,83
Sabina Lincoln,59
Julianna Perrinchief,48
Jori Scarf,51
Daisey Berrisford,01
Rachel Garden,22
Errick Bonhill,36
Elisabetta Ashfull,07
Rudolf Hlavecek,77
Burl Giovannoni,12
Rafferty Cattell,32
Alicia Soppeth,98
Valencia Nowaczyk,55
Karlyn Siccombe,91
Spenser Causey,61
Chryste Flaxon,48
Peggie Gilderoy,98
Peyton Gamell,29
Shaine Sember,48
Bendick McHenry,35
Curcio Dalyell,57
Hillary Cunniffe,91
Udall Snel,15
Shem MacMoyer,16
Deirdre Maryan,70
Stefa Brear,04
Barny Lagneaux,03
Constantine Polkinhorn,34
Aland Drakeford,62
Marji Riccetti,62
Annalee Border,77
Lynelle Pawlick,36
Amabel Fentem,56
Bartolomeo Fakeley,96
Saba Trenoweth,88
Bertina Lowman,50
Noella Kilborn,68
Tracie Osmund,66
Lisetta Levings,06
Vitia Bowen,24
Kass Cockell,76
Berty Kondratenya,63
Katha Marshall,66
Patten Cosgriff,38
Sasha Nutbrown,58
Duffie Saville,16
Ricky Drayton,92
Patin Fynan,65
Rosemaria Johnston,60
Mickie Kempshall,71
Iormina Rushton,95
Cristiano Cheverell,59
Giulia Ballantine,08
Normand Jakeman,40
Kanya Diamond,16
Hertha Sheffield,00
Collete Beeckx,13
Bank Handrock,00
Myrta Davidman,12
Catrina Escott,74
Ariela Orrah,63
Min Wesker,73
Ermentrude Brydie,89
Berkley Blackater,23
Urban Ponder,79
Gerrie Penhall,50
Doralyn Le Noire,73
Agnella Burhill,60
Cathi Danielou,81
Allegra Gurden,31
Lolly Allom,82
Claudette Franzonetti,95
Leanora Hembling,46
Clarance Lark,62
Jennilee Daverin,73
Jerrie Weben,99
Danny Crann,50
Alphonse Tomczynski,30
Ynez Ditts,86
Fredelia Witling,29
Ambrosius Tiddeman,46
Ninetta Nassy,53
Catharine Spindler,66
Marcille Collinge,74
Cherish Medmore,85
Kevon Cessford,73
Jaime Vautier,16
Ranique Bottby,16
Tallie Ilyukhov,05
Diandra Ash,88
Debora Wynn,19
Carissa Gebuhr,73
Paule Greeves,51
Nonah Bowne,31
Helen-elizabeth Jalland,69
Grange Bende,83
Mitchael Balston,21
Marietta Goodright,54
Stirling Gress,61
Filmore Shellsheere,11
Wilhelmine Findon,70
Kip Highnam,27
Alena Lendon,06
Mufi Taylerson,01
Goddard Gruby,87
Lancelot Vause,15
Bobette Coils,95
Carson Dumphry,38
Tanya Gerge,26
Tiphani Clarae,67
Alyse MacFie,40
Mathian Hayselden,23
Gram Weems,72
Germaine Itter,72
Abramo Hanson,96
Erl Suart,43
Bree Aliberti,13
Nicolette Roo,39
Hermione Pratten,03
Toby Hagger,03
Kat Wren,54
Elizabeth Laffling,57
Joanna Vasilischev,15
Moina Lindenboim,91
Cly Beasley,31
Loleta Stemp,42
Ben Libbe,68
Johny Strutz,59
Sheelah Waszczyk,29
Berky Gaythor,27
Paxton Ruler,78
Cathy Swateridge,99
Ginelle Lodin,57
Camala Maven,25
Reyna Stonard,94
Akim Kingsbury,69
Sigismundo Bucktharp,24
Wait Murtagh,87
Leonard Gratton,78
Donnell Rymer,85
Mallissa Jone,86
Lynn Aery,43
Galvan Wolters,25
Elwyn O'Finan,30
Nolan Stanger,41
Sibley Dowty,11
Aeriel Seaward,78
Dot Pittel,31
Drew Hummerston,73
Ofelia Schrieves,44
Brooks Matthaus,91
Cariotta Kinchin,47
Lauralee Simmell,06
Barbe Gonsalo,65
Zollie Ickovitz,10
Doyle Seaking,51
Bartram Please,29
Rene Whiley,37
Grady Littlecote,58
Ayn Garthland,44
Bren Harvett,85
Kirk Maffini,89
Neddy Villar,12
Gerti Klejin,08
Rurik Kleinmintz,43
Staci Tiffany,04
Virgil Babon,22
Banky Scolland,52
Lorinda Gally,12
Fancie Whines,42
Fredericka Warlock,85
Alis Fawks,29
Johanna Dittson,77
Elora Bairstow,27
Sadye Utting,71
Carin Abrahmson,78
Ronnica Upcraft,01
Dionne Heyward,68
Keri Franzke,96
Auguste Sillick,17
Hubey Edmons,77
Antoine Fouracre,49
Erich Graysmark,08
Katerine Bernadzki,43
Neille Luipold,86
Raymund Exeter,26
Veronica Reiners,21
Jozef Coan,08
Cherri Southerill,29
Regan Erangy,66
Davin Asser,25
Mathe Steele,20
Nelson Gore,82
Darcee Mews,42
Lemmie Chedzoy,40
Reynolds Cant,29
Lucina Rivalland,33
Kameko Benko,28
Amerigo Chatterton,57
Joeann Bussons,95
Korie Graser,44
Alanna Boram,10
Halimeda McNevin,12
Albie MacMakin,50
Broderic Creek,09
Moyna Cottage,32
Conchita Wilber,40
Timmie Dulen,37
Jo Francesconi,70
Gabbey Vakhrushev,93
Zara Coat,65
Shanta Malpass,52
Jarred Prynne,67
Riley Theis,75
Tommy Egdell,67
Danya Auty,06
Reeta Jiroutek,58
Emmett Minney,67
Paulo Filip,61
Rosa Kirkby,49
Ailene Gleave,26
Hamlen Cheers,68
Cherish Diamant,23
Carena Kelberer,48
Angelique McGeaney,69
Paquito Carwithen,44
Nathaniel Heam,65
Giavani Camplin,25
Andras Beverley,53
Lyn Bastock,98
Silvana Kidde,99
Andrea Jewel,92
Velvet Parrett,57
Tobin Blachford,61
Ignaz Kleinhandler,89
Clarke Keelin,95
Tiff Cregan,37
Alyda Densumbe,84
Willie Leggott,24
Joletta Blaik,31
Kaye Beche,95
Glynda Asher,33
Lidia Buddle,47
Ardelle Shepstone,66
Cheslie Plomer,99
Lesly Denecamp,13
Yovonnda Lafaye,07
Flo Laurant,76
Gabriell Huttley,46
Marsh Aleshkov,68
Garner Kinig,76
Giorgio Scoyles,40
Mariquilla Cofax,11
Fayth Smead,09
Clareta Eggins,62
Friedrich Valasek,87
Modestia Dow,26
Elysia MacKniely,05
Quincey Longson,56
Siouxie Naldrett,28
Sterne Simko,07
Saxe Silvers,47
Gwenora Yellop,77
Christiana Charnley,06
Cort Harkes,36
Adams Phipson,42
Nap Zamorano,58
Keith Glanville,22
Harri Portman,49
Prudi Cully,87
Bridgette Keddey,68
Cortney Mewton,02
Sutton Hurdman,80
Dukey Bownd,96
Faith Rainford,82
Zebedee Tethcote,21
Teodoor Ramshay,04
Emmeline Topaz,14
Em Dionisii,44
Urbain Edmunds,22
Ferne Kaubisch,22
Thaxter Labbet,68
Mackenzie Wake,94
Hirsch Karchowski,80
Costanza Duffell,62
Kristan Stribbling,28
Marchelle Botte,66
Estella Oxburgh,44
Alexi Fookes,47
Calida Indge,69
Ailyn Larrat,63
Tamqrah Milne,81
Daniel Espinel,19
Allene Keddey,57
Bevon Shaplin,80
Gibbie Tembey,89
Rosita Clail,26
Carlota Caldroni,54
Rickey Franceschi,47
Chelsea Hebard,54
Henry Lyttle,53
Else Unthank,23
Meredeth Hughlin,50
Rafi Covet,52
Floria Haill,17
Estrellita Venton,37
Lydia Yoxen,11
Modesta Meegan,49
Kristoforo Craigheid,92
Fransisco Gallatly,36
Grannie Schoales,64
Jule Jozwiak,32
Sansone McColgan,43
Orelee Tatam,72
Eve Baldrick,82
Yolane Dallmann,25
Vern Borrie,41
Major Collis,93
Ashton Luddy,20
Ardys Shrive,63
Ruggiero Mertel,08
Marna Paramore,95
Laurice Midghall,11
Adham Apps,92
Briant Boneham,77
Urban Cresser,71
Delores Reader,45
Dorothee Gabbotts,62
Melinde Cowden,72
Nerita Palek,64
Nanni Grewe,90
Della Macklin,03
Annadiane Pollendine,27
Cordell Gaukrodge,57
Frans Sizeland,63
Page Challenor,70
Burgess Roma,46
Hart Clougher,43
Warner Todarini,88
Verine Maven,32
Bertrand Marten,78
Donni Godsal,39
Camala Tulloch,39
Valencia Wiles,98
Mahmud Secretan,93
Gearalt Darley,01
Mabelle Cluet,53
Ezequiel Clive,54
Barrie Benda,41
Say Cluelow,79
Ursala Strongitharm,58
Casi Shadfourth,77
Warde Tomsen,77
Phyllida Geerits,56
Katalin Redolfi,02
Melosa Luttgert,37
Georg Lince,12
Querida Coit,70
Allard Castree,17
Ariadne Polycote,23
Alexandre Mallett,71
Kelcey Hurl,35
Morgan Lambie,56
Jaquelin Rosenzveig,72
Hamish Yashin,07
Donnie Yon,02
Emlyn Josephoff,86
Katrinka Nickell,28
Ulrika Jikovsky,19
Lynelle Bent,59
Betteanne Hendriks,44
Wheeler Meldrum,36
Cobb Potts,26
Ingmar Challenor,57
Kalina Ostler,26
Leoine Robiot,61
Ianthe Cordeau,69
Moss Alphonso,98
Zachary Bilney,12
Klara Matthensen,56
Carter Nobles,73
Wade Shawell,57
Vina Trowle,72
Dru Casetti,78
Bathsheba Birchenhead,82
Yorke Petrozzi,63
Brett Basford,05
Siobhan Renzullo,72
Hally Dautry,11
Tressa Sweetlove,37
Bearnard Benoiton,52
Brynna Suero,08
Kissie Dillaway,32
Marshal Yearby,18
Hakeem Lawling,25
Inness Lacasa,58
Cristabel Spendlove,18
Rosalynd Bouchard,02
Jesus Ace,56
Genevieve Sindell,94
Ruddy Handlin,18
Cate Webburn,32
Mable Ouver,09
Zaria Dyke,02
Loria Burras,90
Vilhelmina Cobby,24
Grethel Colcutt,61
Halimeda Moat,92
Dionne Bernardy,52
Tabby O'Quin,36
Aleen Vlies,12
Cilka Weitzel,25
Wanda Armsby,08
Deirdre Harrower,27
Lotte Rodmell,81
Byrann Godfery,81
Case Welchman,97
Lemmy Etteridge,01
Nealon Francesc,49
Barr Locks,10
Cissy McRorie,16
Barri Triplet,32
Millard Moyle,79
Jacinthe Gauch,92
Nonah Muttitt,40
Rora Cloke,20
Cordey Ambage,74
Salli Fillingham,08
Gus Bollom,68
Tonie Darte,51
Bobbette Prin,16
Dasya McCurrie,18
Lona Purkess,60
Debor Gonthier,78
Efren Pedrielli,93
Alla Wolfe,19
Libby Andryszczak,91
Janaya Revan,51
Leopold Umfrey,64
Boyce Doget,58
Kay Ayrton,79
Hedvige Pawley,90
Rolph Caine,20
Tiffani Rosenkranc,70
Thibaud Gottelier,25
Mina Monkeman,38
Lu Littlejohn,68
Cassey Francklyn,85
Star Spancock,09
Augie Bertouloume,56
Garrot Jerdan,90
Tabbitha Sondon,27
Esmeralda Costerd,28
Jenifer MacCaig,34
Caye Dorken,01
Othilie Ceely,29
Dosi Loudian,19
Eustace Glaisner,60
Pennie Fleisch,29
Aurelia Sales,48
Melicent Kalinsky,69
Ariela Longden,00
Otha Dutton,08
Lynsey Watmough,56
Troy Tretter,67
Reece Walshaw,18
Lisabeth Banner,11
Marabel Lilliman,25
Olivero Hek,99
Kimmi Greaser,09
Vivia Klimsch,34
Blinny Pursehouse,31
Eveline Yerson,70
Devinne Gentiry,11
Aime Mithun,29
Lincoln Farlane,52
Minna Twitching,37
Dorian Paolozzi,76
Madelena Gilling,41
Alidia Algate,70
Reta Paddison,28
Augustin Tejada,72
Elna Henric,90
Ann Wrates,28
Welbie Benes,78
Maudie Conti,10
Athene Kach,19
Paco Lantuff,72
Carny Sirmon,04
Sandra Pittle,96
Normie Tiebe,60
Clara Robet,73
Codie Samsin,32
Alleyn Mallard,11
Brose Bartles,11
Aldric Cadell,09
Calypso Ascraft,63
Kelly Hasker,98
Carlee Hutable,31
Maynard Garmey,32
Prissie Coney,77
Adelbert Wyley,57
Odie Blinkhorn,90
Myra Finch,33
Coletta Beavon,31
Natalya Mayor,03
Gallagher Satterly,07
Lek Marde,15
Burnaby Dimbleby,55
Nevsa Bredbury,32
Garv Durtnall,11
Cora Bronger,05
Jenica Manolov,75
Sibylle Floyed,79
Kaitlin Bedder,61
Dewain Sainz,26
Josee Hryskiewicz,67
Ellynn De Bischof,64
Muhammad Hulson,76
Claudian Willgoose,37
Geordie Coche,28
Selie Boykett,66
Kira Dimnage,17
Delmer Fellenor,23
Broddy Meriott,78
Tye Albiston,26
Sheree Vannozzii,44
Liz Nozzolinii,23
Linea Senton,55
Red Rosekilly,60
Judie Pally,80
Sydney Secretan,16
Ely Franschini,48
Gwyneth Shankster,32
Kurtis McClintock,73
Leontyne Hannan,89
Darby Canwell,75
Joye Kaasmann,87
Laura Darwent,64
Michaela Simoncello,72
Robbi Wannell,41
Aguie Kellaway,60
Shaylyn Hebson,79
Guntar Novelli,66
Nester Marrill,59
Ailyn Stoves,13
Windham McQuaid,86
Mella Fairbairn,29
Missie Atterbury,71
Marie-jeanne Matokhnin,01
Dael Gilkison,55
Karlen Colebourne,00
Rani Kleinpeltz,38
Candy Davids,31
Ethel Archdeckne,59
Dinnie Boote,58
Hilton Jelley,79
Aurelie Ortmann,05
Jolie Pughe,50
Bent Whittington,52
Yettie Quinnell,79
Clemens Whisker,70
Odille Rouff,12
Kelvin Verrier,10
Wenonah Breinlein,96
Sarge Calken,87
Kristal Leijs,26
Johann Connal,75
Mose Jaffra,39
Miguel Powe,76
Gratiana Carl,13
Patton Ivankovic,67
Serena Mildner,46
Leonelle Holtom,08
Rafaelita Izzett,68
Corette Sambedge,28
Liv de Amaya,17
Gardiner Dongall,36
Olenolin Hubbis,31
Nikolia McTeer,55
Estevan Ongin,86
Selle Goodee,48
Tony Stebbins,60
Ronny Farron,58
Emelyne Srutton,25
Ber Biles,80
Irena Petteford,15
Hedwiga Markos,00
Laurie Claisse,41
Kerrie Privost,30
Bari Biggerdike,38
Aubrette Brisco,62
Caz Rusbridge,48
Ancell Blaw,10
Benedict Alabone,00
Idalia Candlish,03
Livvy Soreau,87
Violet Fibbitts,64
Nanon Morin,54
Judah Brigginshaw,15
Kat Bolte,18
Codie Leve,93
Isac Duchesne,23
Derry Parrott,85
Niki Leah,72
Sybyl Leggan,90
Melesa Stollard,19
Misty Daughtery,20
Anna-diane Ellingham,32
Philip Gallimore,70
Kayla Howgate,19
Emery Limon,50
Marian Dobbins,85
Stanly Cuniam,97
Jennie Aucutt,58
Rosalynd Domengue,64
Cal Dallaway,73
Clevie Skaif,00
Sergent Sothern,89
Selma Anear,82
Ginnie Vany,50
Alf Vayne,51
Orland Lundon,09
Pearline Lucken,47
Lorrayne Baswall,81
Odelinda Stenhouse,38
Micky Mabbot,37
Bryana Connick,72
Sayer Schooling,37
Bren Rickasse,30
Delainey Gilberthorpe,63
Joye Fawbert,63
Carlie Shallcrass,20
Amabel Dullaghan,31
Adena Bowley,00
Tammie Twort,64
Thomasin Mumberson,82
Jerrine Janauschek,31
Ingaborg O'Fihily,25
Belle McLagan,51
Sampson Normavell,83
Barbabas Mitchard,86
Camilla Jarmyn,49
Ellary Sapsford,90
Angy Bench,69
Euphemia Bogace,15
Oberon Steven,33
Corena Najafian,27
Nadiya Calcutt,94
Gates MacConnechie,77
Suzann Boarleyson,61
Penni Heinssen,44
Ignaz Basford,90
Devi Naylor,53
Kira Charters,64
Roselle Grishunin,64
Fancie Waite,72
Forbes Stanyer,55
Avictor Gerriessen,96
Courtney Bloxsom,02
Jonell Mathew,68
Reuven Reubbens,61
Melly Schutte,38
Barrie Edgecombe,06
Stefano Eglinton,77
Rayshell Ensley,49
Olenolin Melanaphy,82
Harlene Romera,57
Kahaleel Pollett,37
Jeannie Barnwall,37
Emelda Burdikin,69
Daveta Haydney,28
Moira Burnel,16
Brew Kilmurray,74
Bertina Swepstone,89
Jody Brennand,59
Hilde Moat,37
Zared Stendell,58
Robina Goford,33
Maureen Yoodall,97
Kit De Benedictis,81
Nikaniki Geipel,24
Mannie Sanney,64
Misti Haddock,19
Monty Covil,82
Reinold Ingry,75
Bent Blackston,37
Ashley Sked,03
Shawn Losty,17
Danya Alliot,36
Livia Damiata,51
Rockey Sachno,16
Klarrisa O'Fairy,97
Shalna Bonnavant,54
Catharina Aire,87
Gayler Etches,61
Consalve Meuse,46
Heath Padgham,40
Nada Ciciura,38
Margaretta Dismore,70
Cathy Ribeiro,82
Gael Teodorski,12
Hall Dametti,69
Timoteo Ghidoni,00
Ernesto Gainsbury,28
Sydney Bresner,57
Florri McCard,67
Newton Peckitt,98
Tuckie Van Waadenburg,85
Ellary Windibank,68
Zita Merill,77
Alistair Breslauer,05
Bev Donalson,35
Magdalene Elkins,71
Gerda Degg,44
Dore Caiger,03
Laurent Windous,68
Gene Allcock,21
Goldia Shama,28
Sammie Millis,33
Dedra Hazeldene,73
Danyette Davidi,24
Walsh Giacovetti,59
Lynn Castri,94
Mommy MacBain,60
Esta Christophers,79
Belinda M'Quhan,24
Rickie Duny,34
Claus Zaniolo,78
Bertie Kirke,72
Beret Butter,97
Lonni Tine,54
Dugald Daughtery,68
Sauveur Wallbridge,68
Lethia Dumbell,88
Georgette Gutowska,42
Evered Alejandro,31
Colline Jerwood,49
Aida Elmore,94
Myrle Dorsett,59
Sonya Fortin,96
Althea Flitcroft,45
Dacey Cormode,70
Josey Finker,77
Keelby Leeburne,24
Irita Harvett,41
Micheil Farrall,09
Louisette McGannon,14
Dani Westnage,40
Elise Echalie,84
Arabel Woodyear,46
Ronald Edsall,95
Helenelizabeth Banfield,51
Petey Code,05
Bartram Hove,92
Rina Saffill,50
Antonie Fishburn,00
Joceline Domeny,77
Tadeas Drage,62
Dallon Saffrin,59
Caesar Pumfrett,87
Sidney Backshill,14
Donica McIntee,12
Hillery Cheek,15
Welby Proske,87
Aime Gilfether,20
Amos Waddilow,42
Myriam Passingham,12
Edeline Parnham,01
Jaime Stambridge,11
Vinnie Bellino,73
Torre Pallent,05
Brandise Laverty,96
Meier Sperry,55
Arlinda Milesap,89
Adah Clother,89
Alejoa Agett,20
Glenda Ibell,85
Norene Taks,95
Arleyne Mainwaring,14
Rafaello Dallemore,41
Kaspar Binstead,08
Augustine Gillhespy,70
Minta Geraldini,06
Schuyler Stoffels,76
Alena Pole,19
Cullen Missington,50
Albina Stiebler,26
Deborah Merigon,68
Johnath Skuce,52
Siobhan Secretan,98
Wood Rutherforth,82
Suzanna Pumfrey,19
Vallie Chatt,93
Marius Sturney,73
Ola Lathy,76
Linnie Rexworthy,43
Hendrika Lettington,61
Lorie Kimbrough,96
Lynea Bamb,26
Harrison Newsome,79
Ezra Schukraft,38
Umberto Onion,66
Kristofor Tarplee,23
Verge Savoury,85
Loutitia McBoyle,63
Aland Pattison,77
Penrod Ortell,74
Babs Vernham,29
Morgan Scorton,08
Gracie Jessett,02
Adrea Torrisi,66
Ginny Jorger,10
Marcellina Brandrick,94
Jeddy Lynett,70
Madlen Losselyong,31
Josee Wildor,55
Gwenore Chartre,50
Kirbie Lansberry,98
Queenie Dominichetti,02
Blanca Impey,08
Portie Rakestraw,79
Leon Cuerdall,42
Pippa Mountjoy,44
Alessandro Kagan,18
Johann Czajkowska,05
Bryanty Mogg,59
Jodie Geraud,71
Calli Boyle,56
Bel Thorouggood,32
Kimball Perri,63
Sally Ceaplen,54
Baxter Carding,32
Viola Youthead,31
Dwain Stote,51
Bartel Van der Beek,90
Harold Darnell,30
Holly Mccaull,01
Ginny Bleythin,95
Madeline Hannibal,39
Abra Rivallant,88
Don Everley,73
Rebeka Prior,37
Petronilla Ornils,10
Tory Jowsey,49
Hinze Tremoille,78
Carolee Scafe,19
Karna Sevier,44
Gusella Byers,58
Marline Pavkovic,66
Sheilah Peers,02
Arabele Bolver,24
Adore Gisburne,70
Nana Oade,97
Haskel Humbie,17
Ashly Challener,29
Danni Aubin,47
Dorita Digger,44
Tabb Pietersen,04
